Date,Qsim (cms),Water released (Mm3/d),SSCsim (kt/Mm3),EQ(cms),EWater released (Mm3/d),ESSC(kt/Mm3)
1/1/2021,1303.04,23.37889,0.31449,296.0639479,7.33734,0.009972098
2/1/2021,1329.57,24.34244,0.318606,124.3633062,6.98678,0.021215288
3/1/2021,1380.3,25.2818,0.321991,540.5862263,6.64166,0.01572206
4/1/2021,1367.58,26.19697,0.331327,446.2473803,6.2996,0.033828252
5/1/2021,1292.57,27.08796,0.336592,68.73729548,6.04441,0.020109895
6/1/2021,1218.68,27.95477,0.303911,246.5244684,5.9063,0.030927372
7/1/2021,1227.94,28.79739,0.314079,236.4895313,5.7922,0.033607892
8/1/2021,1224.5,29.61583,0.307107,851.7132448,5.6559,0.018012875
9/1/2021,2580.74,30.41009,0.2766825,1450.649536,5.88019,0.042528179
10/1/2021,2129.91,31.18016,0.263373,814.9581394,6.01867,0.044221563
11/1/2021,1169.59,31.92605,0.36123,380.5001546,5.82775,0.034823017
12/1/2021,2419.54,32.64775,0.305945,456.8009708,5.71716,0.025519428
13/1/2021,1389.09,33.34527,0.312899,311.9419205,5.60063,0.022809775
14/1/2021,1236.86,34.01861,0.36216,47.45340645,5.41146,0.011456096
15/1/2021,1181.16,34.66776,0.351265,23.60788839,5.25687,0.005284502
16/1/2021,1118.93,35.29273,0.356864,16.91438678,5.16077,0.006728181
17/1/2021,1135.01,36.07249,0.35427,250.8410164,5.03459,0.008282305
18/1/2021,1121.58,36.73295,0.385923,558.1764158,5.00034,0.026358963
19/1/2021,1114.49,37.27854,0.369913,521.7637041,4.72201,0.033607257
20/1/2021,1089.17,37.70056,0.369191,42.90961706,4.5215,0.020224897
21/1/2021,1044.44,38.08908,0.382545,142.6386877,4.41695,0.029330301
22/1/2021,1003.37,38.47628,0.388212,3.268376661,4.41216,0.009708137
23/1/2021,1032,38.86422,0.378746,8.971032048,4.41324,0.007323514
24/1/2021,976.89,39.21719,0.406406,26.88773761,4.24735,0.012155002
25/1/2021,1040.49,39.61262,0.377308,61.86664557,3.96149,0.009947367
26/1/2021,1079.09,40.04021,0.375616,177.7689514,3.90614,0.028213614
27/1/2021,1077.535,40.36832,0.4117415,23.00117619,3.81495,0.009607916
28/1/2021,1055.84,40.64644,0.42332,51.56695098,3.48254,0.014420265
29/1/2021,1073.8,40.88932,0.394499,22.84267279,3.442,0.012358451
30/1/2021,1020.89,40.94672,0.401398,25.60906529,3.43742,0.011095294
31/1/2021,990.32,40.99348,0.420433,16.27732245,3.45863,0.012515864
1/2/2021,998.75,41.07879,0.255684,25.66435088,3.50043,0.011481673
2/2/2021,952.64,41.10331,0.2482295,26.36060713,3.34662,0.008082804
3/2/2021,967.88,41.07121,0.242973,199.0977504,3.26285,0.009781715
4/2/2021,989.65,41.04512,0.261971,337.6167171,3.17882,0.022084588
5/2/2021,1013.32,40.99615,0.250064,357.8036824,3.21164,0.022010892
6/2/2021,1030.11,40.79007,0.264509,880.255446,3.22961,0.029883792
7/2/2021,958.88,40.62677,0.270563,49.52239447,3.25173,0.010738277
8/2/2021,933.68,40.41104,0.256481,23.26626988,3.22859,0.008475347
9/2/2021,1076.69,40.22899,0.245511,759.7887179,2.90043,0.02288347
10/2/2021,1045.19,40.16719,0.237545,75.18354989,2.56253,0.011081908
11/2/2021,950.18,40.22002,0.2424,25.17525007,2.80594,0.00706005
12/2/2021,948.29,40.46957,0.239815,31.50201305,3.01583,0.005724554
13/2/2021,1005.58,40.9838,0.259449,29.60301427,3.21435,0.009658854
14/2/2021,1053.51,41.70146,0.247251,483.2239578,4.08279,0.018501881
15/2/2021,969.36,42.59442,0.25784,76.5504607,4.19229,0.015595526
16/2/2021,917.51,43.65208,0.256963,52.52972772,4.23879,0.012771368
17/2/2021,884.94,44.85375,0.279889,19.42231974,4.29586,0.00330204
18/2/2021,940.9,46.25451,0.280464,26.00773662,4.47194,0.002529896
19/2/2021,880.62,47.83167,0.266415,70.03720807,4.36311,0.007085136
20/2/2021,893.55,49.61792,0.293179,38.91117942,4.45082,0.005130406
21/2/2021,785.595,51.6028,0.3039035,73.84053189,4.8799,0.009146657
22/2/2021,849.24,53.79603,0.282409,206.5024838,4.86409,0.013670321
23/2/2021,886.34,56.14981,0.292913,164.7136032,5.62378,0.009386957
24/2/2021,955.14,58.6826,0.276283,251.1240331,6.22675,0.026928835
25/2/2021,920.25,61.36244,0.265377,278.7860033,6.46146,0.0252647
26/2/2021,1009.28,64.12653,0.266238,102.1736697,6.69701,0.01354315
27/2/2021,901.1,67.11011,0.273095,146.999471,6.83842,0.018499048
28/2/2021,862.7,70.2413,0.280149,1235.345293,6.98353,0.034228623
1/3/2021,821.2,73.44518,0.26204,34.25343876,7.12776,0.004535852
2/3/2021,810.44,76.83949,0.25135,190.3292361,7.21332,0.020725966
3/3/2021,827.94,80.18106,0.243571,39.93957153,7.1995,0.003797894
4/3/2021,910.55,83.43179,0.255583,95.1590304,7.16258,0.00843532
5/3/2021,886.73,86.6096,0.242238,162.1311128,7.15647,0.005965336
6/3/2021,966.905,89.69348,0.2416965,166.9855653,7.14548,0.011695741
7/3/2021,849.665,92.6357,0.2442955,55.52190024,7.19226,0.005254439
8/3/2021,832.98,95.56511,0.250891,16.60038241,7.09527,0.008020297
9/3/2021,1054.635,98.52772,0.238011,158.4884199,6.74082,0.026319288
10/3/2021,805.71,101.30315,0.243487,37.13608927,6.26645,0.005555902
11/3/2021,839.77,104.07083,0.245327,62.87242141,5.81381,0.007371969
12/3/2021,825.57,106.82894,0.265226,33.34322576,5.48663,0.011201614
13/3/2021,856.23,109.5048,0.268467,44.62425343,5.28123,0.008988197
14/3/2021,799.89,112.14243,0.262654,53.37316558,5.1771,0.004574192
15/3/2021,871.06,114.68811,0.276377,37.67631452,5.07734,0.006385147
16/3/2021,884.24,117.08231,0.259317,23.58485756,4.96379,0.004603325
17/3/2021,900.51,119.30585,0.255223,122.6489813,5.01208,0.004343296
18/3/2021,880.48,121.32775,0.260152,66.76172688,5.04953,0.007741581
19/3/2021,826.71,123.09387,0.271603,26.8135258,4.94865,0.005192155
20/3/2021,813.46,124.57172,0.265974,33.20150259,4.59681,0.006505068
21/3/2021,802.46,125.7023,0.259505,33.01021427,4.48736,0.005589723
22/3/2021,771.26,126.57411,0.273366,27.72206118,3.89802,0.003328862
23/3/2021,788.68,127.22386,0.278876,23.25161169,3.6918,0.00418498
24/3/2021,829.94,127.64604,0.267757,147.78073,3.67657,0.022461261
25/3/2021,823.46,127.7827,0.267953,17.49978331,3.00201,0.003864512
26/3/2021,797.31,127.67212,0.28307,21.5243405,3.0106,0.002967905
27/3/2021,865.04,127.32854,0.282314,41.65932993,2.98893,0.015477459
28/3/2021,827.78,126.79924,0.281885,244.4382331,2.98061,0.027409124
29/3/2021,1137.24,126.209,0.249884,182.8167852,3.44645,0.029442012
30/3/2021,971.83,125.32251,0.24891,144.2955579,4.38066,0.00663429
31/3/2021,793.51,124.18773,0.284425,187.1831469,5.12004,0.010534037
1/4/2021,902.14,122.92767,0.433252,338.71621,5.74457,0.023963852
2/4/2021,1062.05,121.60292,0.438424,479.6825849,6.46925,0.029166674
3/4/2021,1137.44,120.35701,0.40996,173.4649836,6.94161,0.022469497
4/4/2021,1028.85,119.17553,0.382743,162.5755361,7.10265,0.014858303
5/4/2021,843.44,117.91233,0.432258,47.93851245,7.06879,0.008371155
6/4/2021,916.26,116.63795,0.421609,69.28593191,6.94987,0.011083938
7/4/2021,973.42,115.42822,0.406572,43.37419525,6.77472,0.017218868
8/4/2021,980.22,114.19472,0.394347,169.3328982,6.65031,0.038637989
9/4/2021,1134.18,112.9568,0.371455,195.3727146,6.65423,0.042731871
10/4/2021,953.72,111.83095,0.408788,217.4639968,6.70944,0.042751069
11/4/2021,892.665,110.79248,0.4028975,96.33788477,6.76306,0.033960081
12/4/2021,893.44,109.88637,0.440453,195.932514,6.76224,0.030790799
13/4/2021,833.18,109.07648,0.430239,32.33090833,6.75891,0.004727198
14/4/2021,963.84,108.28176,0.417322,278.1784955,6.77692,0.069234823
15/4/2021,914.89,107.45262,0.4078295,35.54085853,6.81727,0.010683206
16/4/2021,953.75,106.67119,0.388331,38.07543888,6.81817,0.008178181
17/4/2021,969.17,105.90293,0.390923,226.2296164,7.01435,0.025504561
18/4/2021,871.57,105.06955,0.438144,175.8071179,6.99883,0.034496493
19/4/2021,1034.93,104.20132,0.39142,149.7312758,6.98944,0.027244708
20/4/2021,996.2,103.36508,0.379341,112.7239571,6.94073,0.021227322
21/4/2021,964.67,102.73721,0.404331,75.75140655,6.77222,0.014790826
22/4/2021,1148.43,102.34986,0.381963,74.4253316,6.64228,0.013993566
23/4/2021,1322.4,102.23182,0.34158,133.2794403,6.66269,0.016960038
24/4/2021,996.13,102.22569,0.403181,369.3640651,6.64988,0.042693721
25/4/2021,958.53,102.29574,0.403299,161.0329013,6.69118,0.021260015
26/4/2021,1066.59,102.56275,0.385211,179.3286219,6.65067,0.034280181
27/4/2021,1049.38,102.93957,0.379413,147.7545114,6.556,0.034430908
28/4/2021,1170.89,103.23355,0.377601,192.6821831,6.65603,0.040929437
29/4/2021,978.68,103.43481,0.388705,124.9083255,6.64513,0.031671807
30/4/2021,991.99,103.82411,0.39784,23.5861768,6.38645,0.003128793
1/5/2021,997.63,104.39942,0.422612,81.19659338,6.18887,0.01131099
2/5/2021,921.03,105.12788,0.450399,293.3260438,5.90932,0.036610389
3/5/2021,1744.47,105.74523,0.300478,314.3569221,5.35298,0.044282597
4/5/2021,1562.01,105.93067,0.275289,384.9926251,4.87901,0.043244948
5/5/2021,1197.85,105.6334,0.407294,105.8708795,4.68571,0.023248013
6/5/2021,1049.4,105.16841,0.412271,60.85414789,4.65795,0.01704524
7/5/2021,1009.57,104.58507,0.441378,136.6885252,5.06741,0.026510453
8/5/2021,1173.79,103.8857,0.379071,301.4997979,6.69554,0.034584077
9/5/2021,1220.08,103.00531,0.375658,306.4073047,6.95298,0.03334326
10/5/2021,1157.9,101.81449,0.376261,46.3893856,6.91737,0.009766478
11/5/2021,1097.99,100.27556,0.376288,33.38310375,7.19104,0.007271031
12/5/2021,1170.63,98.34695,0.357446,76.03697978,7.1215,0.021409998
13/5/2021,1231.71,96.08044,0.395603,98.08042764,7.22587,0.024167021
14/5/2021,1257.95,93.68082,0.353309,490.8282515,7.27923,0.029423448
15/5/2021,1050.43,90.93863,0.402919,1360.723305,7.53036,0.050638936
16/5/2021,1701.92,88.1025,0.285625,703.5693698,7.88171,0.060364106
17/5/2021,1720.73,84.9792,0.314116,552.1845755,9.69522,0.06485717
18/5/2021,1128.89,81.59439,0.441888,844.4324082,11.07085,0.066138029
19/5/2021,1679.05,77.8792,0.319156,309.1927053,11.06378,0.038177924
20/5/2021,1379.71,74.02087,0.378334,528.7357656,11.0368,0.038147405
21/5/2021,1420.67,70.08324,0.403666,1187.23814,11.16133,0.0523043
22/5/2021,1963.68,65.74543,0.340332,818.116072,11.84836,0.0419385
23/5/2021,2061.65,61.08475,0.324488,598.2175122,12.75028,0.040145764
24/5/2021,1385.64,56.04633,0.387172,398.3206033,13.23851,0.032996267
25/5/2021,1535.11,50.71294,0.375572,219.7330992,13.26716,0.032235431
26/5/2021,1846.15,45.15644,0.348573,329.7224341,13.00261,0.052897886
27/5/2021,1272.74,39.36824,0.371028,438.7387542,12.65543,0.028032572
28/5/2021,1330.99,33.46833,0.368704,235.1150283,13.17623,0.01131603
29/5/2021,2061.93,27.44669,0.286599,405.5947474,14.26237,0.026212353
30/5/2021,2189.48,21.14103,0.317702,778.6088214,14.13504,0.034302812
31/5/2021,2595.79,14.43234,0.323358,428.82592,15.40262,0.026291003
1/6/2021,3569.8,7.37225,0.874296,577.4202537,16.46105,0.103179977
2/6/2021,2679.13,-0.35526,0.801363,488.0602294,17.24073,0.071548158
3/6/2021,2015.09,-8.54626,0.796238,492.1179265,16.87839,0.071174097
4/6/2021,1590.95,-16.43061,0.776237,382.6315067,16.70597,0.026115475
5/6/2021,2237.38,-24.11868,0.766718,556.3171349,16.64454,0.087891063
6/6/2021,2415.42,-31.52798,0.751775,539.5170569,16.00359,0.090787663
7/6/2021,2995.11,-39.08374,0.689714,614.7375006,16.18179,0.077613293
8/6/2021,2643.9,-46.89489,0.77178,1161.558494,17.79503,0.089146344
9/6/2021,2454.64,-54.78181,0.797683,1264.636117,18.21225,0.084425407
10/6/2021,2496.99,-62.78413,0.886521,1405.046168,17.90229,0.102265613
11/6/2021,2393.48,-70.7537,0.790627,427.255143,19.40971,0.08123811
12/6/2021,3496.17,-78.45022,0.605262,444.5713164,20.81406,0.074004177
13/6/2021,5018.38,-86.31885,0.567359,740.7173152,19.70787,0.098804083
14/6/2021,2645.73,-94.60719,0.593636,1488.943073,19.05548,0.081061601
15/6/2021,4357.28,-102.96615,0.654759,1332.087481,18.74592,0.073594062
16/6/2021,4243.35,-111.84046,0.593249,1042.537427,18.74073,0.06590432
17/6/2021,4190,-120.89909,0.669957,1170.309069,18.75239,0.080101157
18/6/2021,2838.02,-129.98287,0.722954,605.0917431,18.80938,0.040868149
19/6/2021,3466.56,-138.86337,0.577609,484.9708552,19.2939,0.033494246
20/6/2021,4459.77,-147.81732,0.559473,1061.449384,17.98634,0.055939086
21/6/2021,2281.14,-156.81834,0.777774,1464.101035,19.49605,0.035075242
22/6/2021,4494.06,-165.41521,0.627052,1144.844084,19.93976,0.047584895
23/6/2021,4838.97,-173.56032,0.630121,648.0998755,20.41636,0.073997033
24/6/2021,4958.57,-181.38703,0.670416,925.9632107,21.33037,0.060452388
25/6/2021,4000.57,-189.05041,0.635326,771.6517095,20.8168,0.082301711
26/6/2021,5174.02,-196.35125,0.59485,940.6079951,19.81458,0.078869065
27/6/2021,5391.97,-203.7456,0.487019,804.3814115,19.33735,0.063385298
28/6/2021,4146.25,-211.48353,0.513076,587.6994819,19.03072,0.050824319
29/6/2021,3194.28,-218.71605,0.682577,841.4018278,19.14564,0.063115811
30/6/2021,3482.84,-225.2371,0.72295,1375.485719,18.27054,0.058516873
1/7/2021,4855.21,-231.00641,1.56221,712.2455286,18.28282,0.11296047
2/7/2021,3643.34,-236.23486,1.70434,328.7726241,18.25277,0.152473386
3/7/2021,3836,-240.42908,1.31913,394.8787797,18.5582,0.134313558
4/7/2021,5738.21,-243.88684,1.50537,1000.823356,17.42393,0.164760507
5/7/2021,4585.63,-247.17176,1.26376,683.7882662,17.11606,0.074991841
6/7/2021,7007.08,-249.69012,1.60205,834.894918,16.88739,0.169605578
7/7/2021,5767.27,-252.30495,1.42592,1218.649141,15.22483,0.179066294
8/7/2021,5071.93,-255.12141,1.59716,1409.186758,15.03256,0.087217022
9/7/2021,6457.43,-257.74871,1.63063,557.3181547,15.80615,0.201736279
10/7/2021,4990.83,-260.64396,1.33544,1399.200312,15.77208,0.135470059
11/7/2021,5399.42,-263.15418,1.30303,869.1403512,15.36893,0.184514705
12/7/2021,7013.58,-265.38019,1.14258,1554.467832,15.67537,0.067279397
13/7/2021,4429.68,-267.85887,1.37991,2043.544339,17.02581,0.111364734
14/7/2021,4578.29,-269.97208,1.81814,1448.755092,16.87811,0.222644429
15/7/2021,5213.32,-271.70169,1.54885,654.9030857,16.60291,0.215963536
16/7/2021,4810.1,-273.00883,1.22649,446.9804466,16.6502,0.152941313
17/7/2021,5506.79,-273.67525,1.3229,767.8674463,16.68428,0.08427164
18/7/2021,6327.43,-273.74474,1.40346,874.3076476,16.60523,0.167372438
19/7/2021,5002.73,-273.64808,1.16316,440.8780323,16.35601,0.167221608
20/7/2021,4195.98,-273.26595,1.49373,1600.57332,16.3138,0.1371646
21/7/2021,4620.29,-272.09992,1.41013,542.8689496,17.47723,0.098734673
22/7/2021,4026.26,-270.59262,1.43445,363.4028386,17.36652,0.087124135
23/7/2021,7025.03,-268.87215,1.10867,869.5391666,19.01739,0.115915376
24/7/2021,7955.29,-267.00749,1.18405,472.3227339,19.1381,0.084394105
25/7/2021,7567.71,-265.32526,1.21664,936.8813619,20.44084,0.082204739
26/7/2021,6740.24,-263.48268,1.44401,946.5801422,20.56395,0.101919106
27/7/2021,6080.32,-261.74879,1.27662,796.300986,20.67353,0.058007188
28/7/2021,5916.98,-259.27167,1.12908,1119.873464,20.49403,0.017815821
29/7/2021,7976.18,-255.80857,1.13794,1715.326959,20.45867,0.044627566
30/7/2021,6338.88,-252.47807,1.09163,1065.457559,20.43618,0.088200232
31/7/2021,8151.52,-249.26292,1.06943,1216.676588,20.4406,0.096709749
1/8/2021,5614.18,-246.34275,1.3422,1355.490668,20.73103,0.084307921
2/8/2021,7449.71,-243.61498,1.44627,896.252414,20.73383,0.179056417
3/8/2021,6481.78,-241.1803,1.40214,464.0179347,20.4951,0.151188439
4/8/2021,6979.31,-238.68602,1.45782,631.2090286,20.60145,0.076104373
5/8/2021,10704.73,-236.39056,1.2889,1082.137161,20.76874,0.134576206
6/8/2021,8252.02,-235.10015,1.58504,1481.391356,20.89654,0.204897014
7/8/2021,5664.63,-234.26043,1.88814,1239.248256,21.22862,0.227019746
8/8/2021,6069.73,-232.89026,1.32049,1100.370755,21.47866,0.227201551
9/8/2021,5142.51,-231.48403,1.37628,1225.014069,20.68808,0.125688084
10/8/2021,6452,-229.11132,1.20261,678.5902882,21.02866,0.076749036
11/8/2021,4948.06,-226.77573,1.36651,700.25724,21.56121,0.114009233
12/8/2021,4736.82,-224.24982,1.59666,891.6244305,21.55392,0.039069192
13/8/2021,4481.93,-221.17509,1.67333,1093.075022,20.7951,0.168476245
14/8/2021,5368.63,-217.85729,1.39987,602.2047728,21.39812,0.092451113
15/8/2021,6467.53,-214.15363,1.30638,737.1561745,21.26754,0.201844433
16/8/2021,5625.59,-210.22096,1.49205,408.9360262,20.83461,0.241628734
17/8/2021,5989.15,-205.73801,1.35669,495.5997713,20.82136,0.187588644
18/8/2021,5762.4,-201.02644,1.31608,711.5859123,20.07202,0.191940209
19/8/2021,5548.5,-195.78383,1.41514,1370.975031,20.07234,0.133849203
20/8/2021,7289.81,-190.01254,1.43606,1144.536309,19.59318,0.115998213
21/8/2021,3893.6,-184.52823,1.74884,891.6493656,17.00713,0.115376791
22/8/2021,5146.3,-178.62338,1.64713,984.4897875,15.52411,0.185172234
23/8/2021,7518.39,-172.43201,1.11394,1158.076004,15.7856,0.100621533
24/8/2021,8145.6,-166.44458,1.41386,2774.387418,16.90337,0.203482847
25/8/2021,4811.03,-160.4277,1.5906,2343.698228,16.31583,0.218186019
26/8/2021,5184.16,-154.44173,1.38404,1853.774131,18.29291,0.168111263
27/8/2021,6553.12,-148.31933,1.28473,763.3532784,18.8205,0.154367194
28/8/2021,5292.69,-142.96188,1.40316,528.8030166,19.82456,0.079582882
29/8/2021,4802.67,-138.19002,1.51257,506.8425737,20.16881,0.112660679
30/8/2021,5780.46,-133.3266,1.61946,996.5345993,20.66977,0.077160505
31/8/2021,5729.71,-128.6259,1.52714,706.9163939,20.79063,0.060168329
1/9/2021,5685.76,-124.2157,1.11988,973.6868691,20.86837,0.102165168
2/9/2021,8377.19,-119.75074,0.998037,1403.161885,20.2409,0.058889732
3/9/2021,8069.52,-115.80503,1.29149,1779.71469,20.34042,0.098717008
4/9/2021,7466.42,-112.41508,1.47716,805.174209,20.27567,0.085961181
5/9/2021,5531.06,-109.10505,1.70123,679.367249,18.77887,0.142046037
6/9/2021,5138.76,-105.4368,1.53608,1130.149614,18.95838,0.069279816
7/9/2021,4640.99,-101.27681,1.47673,981.6532918,18.94632,0.082701878
8/9/2021,4024.1,-96.96447,1.30687,519.3216432,17.5178,0.141503547
9/9/2021,2610.35,-92.35444,1.35988,1083.209754,16.94804,0.238569441
10/9/2021,3055.69,-88.15214,1.51835,816.6068835,17.17109,0.1455628
11/9/2021,4187.35,-83.53701,1.6071,521.7233813,17.3628,0.220697084
12/9/2021,3454.77,-78.88843,1.59032,424.9789256,16.50228,0.166551285
13/9/2021,3147.57,-74.18949,1.7083,1539.144744,16.71913,0.101398533
14/9/2021,3492.21,-69.48251,1.70169,1394.605479,16.74953,0.090660698
15/9/2021,3351.43,-64.65014,1.62327,1190.965507,16.49125,0.102214114
16/9/2021,3361.69,-59.69865,1.5587,1238.249724,17.31262,0.079570833
17/9/2021,3015.94,-55.00154,1.42859,1179.626475,17.36435,0.048952453
18/9/2021,4247.74,-50.42989,1.7776,589.4666784,16.21608,0.183009145
19/9/2021,4537.32,-45.91436,1.40272,449.1880587,15.74303,0.150680205
20/9/2021,3464.29,-41.84776,1.78262,674.2654861,15.60942,0.12920183
21/9/2021,4785.77,-37.70412,1.71244,1012.487591,15.64115,0.146910351
22/9/2021,5030.29,-34.00486,1.64483,709.1902024,15.76333,0.119727907
23/9/2021,5775.3,-30.59539,1.55936,977.0901276,15.76738,0.167114135
24/9/2021,3444.53,-27.51732,1.84068,553.8382379,15.87687,0.135231956
25/9/2021,3023.87,-24.55048,1.59724,251.3853671,15.67993,0.070206736
26/9/2021,2616.27,-21.6908,1.42936,381.2155597,15.27375,0.058115344
27/9/2021,2509.09,-19.06227,1.56083,744.9923512,15.35913,0.140698026
28/9/2021,1889.85,-16.17748,2.11366,222.7724073,15.41543,0.053133848
29/9/2021,2098.36,-13.28768,1.8494,575.6609413,15.79898,0.123998484
30/9/2021,2419.98,-10.71472,1.54782,239.1574016,15.81075,0.035499517
1/10/2021,2180.6,-8.4718,1.31738,384.8860323,15.87383,0.194875901
2/10/2021,1949.81,-6.11267,0.969323,329.9061494,15.83886,0.193606582
3/10/2021,1020.24,-4.06155,2.03066,224.6394117,15.51177,0.232859051
4/10/2021,1177.2,-1.86457,1.73631,121.7437385,15.59851,0.114802739
5/10/2021,1639.2,0.42009,1.08666,150.6731048,15.03768,0.050862395
6/10/2021,1625.19,2.63873,1.12473,115.3574874,14.83517,0.04046214
7/10/2021,1906.07,4.79697,1.17472,208.5946212,13.16984,0.096963357
8/10/2021,2807.17,6.92882,0.82667,376.9058206,12.92127,0.077842749
9/10/2021,1745.56,8.76978,1.09079,732.9758578,9.63752,0.103816792
10/10/2021,1954.32,10.51184,1.0518,528.4536807,9.07562,0.109500348
11/10/2021,2093.47,12.2141,0.913803,174.0855486,9.03997,0.015136265
12/10/2021,2137.77,13.44321,0.933718,169.9693142,8.99496,0.049283766
13/10/2021,1828.57,14.28677,1.10388,206.8686133,9.10033,0.079251216
14/10/2021,1481.67,14.75419,1.24047,31.29312193,9.16305,0.043526757
15/10/2021,1584.81,14.94732,1.17069,198.4831383,9.40991,0.104382318
16/10/2021,1580.74,14.64354,1.12728,193.0082574,9.33311,0.097986734
17/10/2021,1841.31,13.92032,0.98828,102.3994144,8.8022,0.05700599
18/10/2021,1946.35,12.89716,0.905065,25.59976164,9.10023,0.018459999
19/10/2021,1441.48,11.60035,1.19597,24.6657471,8.84026,0.022875716
20/10/2021,1591.23,10.09082,1.08562,23.05747579,8.65584,0.025301711
21/10/2021,1491.79,8.62762,1.14562,102.1295402,8.85053,0.054889807
22/10/2021,2245.68,7.14329,0.79917,147.0221691,9.03624,0.038168768
23/10/2021,2781.29,5.71103,0.628788,871.8820431,8.95588,0.072346308
24/10/2021,3546.13,4.08092,0.568565,682.2448226,8.97529,0.121188478
25/10/2021,2206.86,2.67876,0.903922,54.45610364,9.18098,0.038371284
26/10/2021,2049.61,1.51038,0.836315,128.0423428,9.4598,0.036250445
27/10/2021,3587,0.53182,0.611777,387.2305103,9.46009,0.071790222
28/10/2021,2496.58,-0.18263,0.712549,488.6279681,9.47688,0.051814393
29/10/2021,2372.76,-0.73372,0.754545,897.8468957,9.31307,0.068740306
30/10/2021,2390.33,-1.10803,0.751074,280.9923983,8.98641,0.03766941
31/10/2021,2705.29,-1.39441,0.812451,200.0497921,9.07323,0.054315385
1/11/2021,1833.27,-1.52336,0.775279,348.5048537,9.06264,0.043041978
2/11/2021,2563.49,-1.62622,0.631644,452.5592041,9.04126,0.070842973
3/11/2021,2215.2,-1.7034,0.623399,318.1641809,9.12559,0.033491803
4/11/2021,2019.82,-1.61388,0.695652,515.7134218,9.01495,0.044977469
5/11/2021,2114.49,-1.28395,0.666149,1004.385008,8.8469,0.060616737
6/11/2021,1954.92,-0.60871,0.721115,148.1210575,8.7696,0.035707702
7/11/2021,2010.59,0.37161,0.690384,102.871234,8.79492,0.016564052
8/11/2021,1962.7,1.42491,0.728864,253.4629671,8.27183,0.041373146
9/11/2021,2218.9,2.44269,0.641584,324.2986831,7.64823,0.052196416
10/11/2021,2306.53,3.25977,0.613594,349.2959461,7.70085,0.050087435
11/11/2021,2413.47,3.8804,0.634939,386.2426089,7.76321,0.048671798
12/11/2021,1772.05,4.46018,0.709882,274.7495803,7.76315,0.052877698
13/11/2021,1884.97,5.08018,0.704894,36.77042725,7.79522,0.011177646
14/11/2021,1812.42,5.60036,0.763205,51.55397977,7.86288,0.023593522
15/11/2021,1633.4,6.04945,0.820867,75.19176294,7.47473,0.017531758
16/11/2021,1784.38,6.48643,0.691897,35.54849344,7.12279,0.010931109
17/11/2021,1914.78,6.82944,0.639936,37.79931129,7.07781,0.012935642
18/11/2021,1686.99,7.07369,0.728298,32.266331,6.65572,0.011279318
19/11/2021,1980.87,7.4236,0.652057,19.99805851,6.67897,0.006681377
20/11/2021,1962.64,7.61357,0.642984,26.57886502,6.49431,0.009122415
21/11/2021,1907.93,7.63552,0.651948,37.20995222,6.13791,0.01185474
22/11/2021,1848.44,7.51974,0.697535,36.94455278,5.69956,0.014718631
23/11/2021,1954.49,7.37832,0.657876,56.32503023,5.74117,0.031413737
24/11/2021,1961.16,7.39717,0.656675,1065.722775,5.59423,0.05985015
25/11/2021,1884.26,7.43803,0.676862,245.5840622,5.09128,0.059750144
26/11/2021,1757.97,7.59657,0.680925,55.55757162,4.4485,0.019377494
27/11/2021,1770.28,7.88303,0.672179,66.66232689,4.38198,0.01474698
28/11/2021,1907.56,8.22699,0.6644995,213.545823,4.35316,0.026487204
29/11/2021,1812.86,8.5729,0.706349,274.4228872,4.49189,0.051066809
30/11/2021,1838.765,8.88368,0.690576,48.6087263,4.47736,0.031062021
1/12/2021,1499.57,9.35111,0.438763,33.58836337,4.59727,0.007561768
2/12/2021,1614.73,10.10603,0.407131,53.44133425,4.97611,0.006921466
3/12/2021,1442.34,11.06704,0.431561,113.5985859,5.29357,0.004675627
4/12/2021,1600.335,12.36921,0.384292,253.7819808,5.2932,0.002124321
5/12/2021,1565.315,13.80688,0.4236945,193.3734713,5.5918,0.019807704
6/12/2021,1704.52,15.29708,0.3960445,640.5048694,5.98543,0.020201722
7/12/2021,1668.91,16.67548,0.397888,67.75038609,6.24186,0.00722548
8/12/2021,1709.57,17.88577,0.362587,147.3302959,6.49293,0.011307263
9/12/2021,1333.17,19.00332,0.467305,45.05188049,6.57755,0.014555533
10/12/2021,1484.4,20.26091,0.403047,75.35895437,6.36602,0.011813764
11/12/2021,1510.14,21.58642,0.419654,32.85629894,6.467,0.01074662
12/12/2021,1483.46,23.05768,0.426929,196.4895857,6.5452,0.034174694
13/12/2021,1386.27,24.58054,0.445006,30.00815782,6.55659,0.01003111
14/12/2021,1351.08,26.17118,0.478869,26.07608606,6.30235,0.005251054
15/12/2021,1312.56,27.89575,0.45073,62.86793086,6.09405,0.005310502
16/12/2021,1223.97,29.68388,0.424857,69.33332989,5.95658,0.010764349
17/12/2021,1217.44,31.3297,0.470519,226.5700803,6.12063,0.026253003
18/12/2021,1318.21,33.00921,0.447943,28.88956618,6.26588,0.002117674
19/12/2021,1386.98,34.72243,0.472707,320.5300337,6.47798,0.02043973
20/12/2021,1261.45,36.46935,0.476416,70.35567691,6.5529,0.014682888
21/12/2021,1196.32,38.24998,0.501892,16.07015762,6.6534,0.013221322
22/12/2021,1238.92,40.06431,0.468643,9.296934226,6.42299,0.00836011
23/12/2021,1192.22,41.91234,0.458218,12.73570124,6.0745,0.007810702
24/12/2021,1154.44,43.79407,0.485244,793.4691799,5.64886,0.033712198
25/12/2021,1149.88,45.70951,0.482538,407.1397139,5.81013,0.0399654
26/12/2021,1216.05,47.65866,0.458967,34.00654078,5.4034,0.010063255
27/12/2021,1082.55,49.6415,0.527002,141.5065447,5.19211,0.047629174
28/12/2021,1200.13,51.65805,0.511311,15.59670401,4.70462,0.019129958
29/12/2021,1164.42,53.7083,0.48156,83.47147629,4.74814,0.006555448
30/12/2021,1358.92,55.79226,0.4252995,404.6866532,4.98286,0.026028619
31/12/2021,1467.36,57.90992,0.39712,104.5951695,5.2779,0.024881186
